algoritmo,estrutura,N,medicoes,v_mais_e_medio,tempo_ms_medio,tempo_ms_desvio,memoria_kb_media,memoria_kb_desvio
articulacao,lista,100,30,1171.3,0.0218,0.0035,41.6,5.8
articulacao,lista,250,30,3453.3,0.0571,0.0084,113.3,15.9
articulacao,lista,500,30,8314.3,0.1519,0.0567,259.2,46.0
articulacao,lista,1000,30,20824.0,0.2942,0.0583,615.2,104.4
articulacao,lista,81306,10,1423602.0,47.2588,11.7326,45212.8,0.0
articulacao,matriz,100,30,1171.3,0.0211,0.0026,18.0,0.0
articulacao,matriz,250,30,3453.3,0.0618,0.0037,47.3,0.0
articulacao,matriz,500,30,8314.3,0.1934,0.0540,110.2,0.0
articulacao,matriz,1000,30,20824.0,0.4246,0.0697,282.9,0.0
articulacao,matriz,81306,10,1423602.0,168.8468,1.9626,821312.0,0.0
bfs,lista,100,30,1743.0,0.0076,0.0042,26.0,6.0
bfs,lista,250,30,5153.7,0.0194,0.0138,72.5,16.6
bfs,lista,500,30,11727.7,0.0400,0.0258,159.1,38.2
bfs,lista,1000,30,28525.7,0.0999,0.0677,376.0,84.1
bfs,lista,81306,30,1849441.0,11.6394,7.9948,26643.3,0.0
bfs,matriz,100,30,1743.0,0.0115,0.0126,7.8,0.0
bfs,matriz,250,30,5153.7,0.0305,0.0237,21.9,0.0
bfs,matriz,500,30,11727.7,0.0662,0.0489,59.4,0.0
bfs,matriz,1000,30,28525.7,0.1862,0.1349,181.3,0.0
bfs,matriz,81306,30,1849441.0,107.7972,78.1354,813035.4,0.0
bipartido,lista,100,30,1171.3,0.0146,0.0072,31.6,5.7
bipartido,lista,250,30,3453.3,0.0494,0.0073,88.1,16.0
bipartido,lista,500,30,8314.3,0.1062,0.0128,208.9,46.0
bipartido,lista,1000,30,20824.0,0.2536,0.0391,514.6,104.4
bipartido,lista,81306,10,1423602.0,36.9311,0.6707,37015.6,0.0
bipartido,matriz,100,30,1171.3,0.0161,0.0022,8.0,0.0
bipartido,matriz,250,30,3453.3,0.0611,0.0095,22.2,0.0
bipartido,matriz,500,30,8314.3,0.1579,0.0208,59.9,0.0
bipartido,matriz,1000,30,20824.0,0.3945,0.0515,182.3,0.0
bipartido,matriz,81306,10,1423602.0,155.4622,1.6253,813114.9,0.0
ciclos,lista,100,30,1743.0,0.0146,0.0027,27.5,6.0
ciclos,lista,250,30,5153.7,0.0379,0.0069,76.4,16.6
ciclos,lista,500,30,11727.7,0.0905,0.0246,167.0,38.2
ciclos,lista,1000,30,28525.7,0.1949,0.0441,391.6,84.1
ciclos,lista,81306,10,1849441.0,22.1244,0.9864,27913.7,0.0
ciclos,matriz,100,30,1743.0,0.0178,0.0058,9.4,0.0
ciclos,matriz,250,30,5153.7,0.0469,0.0085,25.9,0.0
ciclos,matriz,500,30,11727.7,0.1266,0.0272,67.3,0.0
ciclos,matriz,1000,30,28525.7,0.3187,0.0545,196.9,0.0
ciclos,matriz,81306,10,1849441.0,167.9811,3.2716,814305.9,0.0
componentes_fortes,lista,100,30,1743.0,0.0165,0.0021,30.7,6.0
componentes_fortes,lista,250,30,5153.7,0.0431,0.0117,84.2,16.6
componentes_fortes,lista,500,30,11727.7,0.0864,0.0130,182.6,38.2
componentes_fortes,lista,1000,30,28525.7,0.1919,0.0301,422.9,84.1
componentes_fortes,lista,81306,10,1849441.0,26.2082,1.1130,30454.5,0.0
componentes_fortes,matriz,100,30,1743.0,0.0170,0.0017,12.5,0.0
componentes_fortes,matriz,250,30,5153.7,0.0470,0.0058,33.7,0.0
componentes_fortes,matriz,500,30,11727.7,0.1258,0.0160,82.9,0.0
componentes_fortes,matriz,1000,30,28525.7,0.3084,0.0468,228.2,0.0
componentes_fortes,matriz,81306,10,1849441.0,170.3812,2.4664,816846.7,0.0
componentes_fracos,lista,100,30,1171.3,0.0163,0.0069,36.1,5.8
componentes_fracos,lista,250,30,3453.3,0.0523,0.0210,99.6,15.9
componentes_fracos,lista,500,30,8314.3,0.1096,0.0335,231.8,46.0
componentes_fracos,lista,1000,30,20824.0,0.2489,0.0566,560.5,104.4
componentes_fracos,lista,81306,10,1423602.0,39.2467,1.1847,40747.4,0.0
componentes_fracos,matriz,100,30,1171.3,0.0192,0.0077,12.5,0.0
componentes_fracos,matriz,250,30,3453.3,0.0547,0.0056,33.7,0.0
componentes_fracos,matriz,500,30,8314.3,0.1489,0.0418,82.9,0.0
componentes_fracos,matriz,1000,30,20824.0,0.3804,0.0551,228.2,0.0
componentes_fracos,matriz,81306,10,1423602.0,167.3089,5.7327,816846.7,0.0
dfs,lista,100,30,1743.0,0.0123,0.0051,28.2,6.0
dfs,lista,250,30,5153.7,0.0364,0.0308,78.1,16.6
dfs,lista,500,30,11727.7,0.0660,0.0147,170.4,38.2
dfs,lista,1000,30,28525.7,0.1503,0.0344,398.5,84.1
dfs,lista,81306,30,1849441.0,21.8352,1.9967,28469.5,0.0
dfs,matriz,100,30,1743.0,0.0144,0.0101,10.1,0.0
dfs,matriz,250,30,5153.7,0.0401,0.0076,27.5,0.0
dfs,matriz,500,30,11727.7,0.1090,0.0209,70.7,0.0
dfs,matriz,1000,30,28525.7,0.2883,0.0525,203.8,0.0
dfs,matriz,81306,30,1849441.0,167.3673,6.3426,814861.7,0.0
