perfil,alcancados,excentricidade,dist_media,dist_influenciador_mais_proximo,influenciadores_alcancados,dist_media_influenciadores
885,81304,7,4.1626,1,817,2.8764
6735,81304,8,4.4824,1,817,3.1775
16409683,81304,7,3.8134,1,817,2.4382
19621110,81304,7,4.0429,1,817,2.8837
172442947,81304,8,4.6728,1,817,3.3917
1260231,1,0,0.0000,,0,0.0000
167169119,81304,8,4.8385,1,817,3.6328
19966557,81304,8,4.7757,1,817,3.5471
17978616,81304,7,4.3438,1,817,3.0135
22253,81304,7,4.3278,1,817,3.0979
15816424,81304,7,4.4578,2,817,3.1554
15032736,81304,8,4.9973,1,817,3.6793
1282781,81304,8,4.9492,1,817,3.7711
843711,1,0,0.0000,,0,0.0000
1586871,81304,7,4.3672,1,817,3.1187
6015962,81304,7,4.2749,1,817,3.0159
620863,81304,7,4.2049,1,817,2.9351
917321,81304,7,4.0999,1,817,2.8029
7905122,81304,7,4.1476,1,817,2.8617
15829642,81304,7,4.4600,1,817,3.2154
18824245,81304,7,4.2356,1,817,2.9523
11133442,81304,8,4.8074,1,817,3.6499
6167322,1,0,0.0000,,0,0.0000
18481585,81304,9,5.5485,2,817,4.3647
14202104,81304,7,3.9831,1,817,2.7895
15249171,81304,7,4.0602,1,817,2.8470
325809032,81304,7,4.2153,1,817,2.8494
18708466,81304,7,4.0598,1,817,2.8788
18967418,81304,8,5.0857,2,817,3.7882
8881,81304,7,4.1931,1,817,3.0392
9232572,81304,8,5.0173,1,817,3.8458
14244571,81304,7,4.1487,1,817,3.0502
14452878,81304,7,4.3731,1,817,3.1359
14618863,81304,7,4.1970,1,817,2.8764
9026642,81304,7,4.2598,1,817,2.9780
17900339,81304,8,4.6009,1,817,3.4002
7921582,81304,8,5.3624,2,817,4.1065
187607140,81304,7,4.4521,1,817,3.1628
48444221,81304,9,5.7531,3,817,4.4419
23771687,81304,9,5.6658,2,817,4.3892
14268765,81304,7,4.1181,1,817,2.8262
20463300,81304,8,4.9904,2,817,3.7711
17634892,81304,8,4.8570,2,817,3.5557
7684302,81304,7,4.0909,1,817,2.9058
9695062,81304,7,4.0982,1,817,2.8849
14492048,81304,7,4.2569,1,817,2.9559
14850955,81304,7,3.6278,1,817,2.4211
24724740,81304,7,4.1305,1,817,2.8666
84249568,81304,7,4.3289,1,817,3.1028
18541130,81304,8,4.6577,1,817,3.3488
356963,81304,7,4.2370,1,817,3.0171
138034438,1,0,0.0000,,0,0.0000
8144992,81304,7,4.5185,1,817,3.2509
52594950,81304,8,4.8434,2,817,3.5949
7743842,81304,8,4.7333,1,817,3.5667
13145012,81304,8,5.0270,2,817,3.7430
29484644,81304,7,4.0566,1,817,2.7442
113490650,81304,8,4.8401,1,817,3.5998
3364401,1,0,0.0000,,0,0.0000
641333,81304,7,4.4449,1,817,3.1665
9005442,81304,8,4.5617,1,817,3.3880
28040164,81304,8,4.9428,2,817,3.7368
988911,81304,8,5.0729,1,817,3.8727
29748191,81304,8,4.8746,2,817,3.5508
30681238,81304,7,4.6108,1,817,3.3733
67045624,81304,7,4.0580,1,817,2.6977
36640820,81304,8,5.1341,2,817,3.8274
5845242,81304,8,4.4504,1,817,3.2142
15468786,81304,8,5.1279,1,817,3.8556
38466098,81304,8,4.6678,1,817,3.4431
161678121,81304,7,4.4507,1,817,3.1946
16974245,81304,8,4.6317,1,817,3.4406
91718540,81304,8,4.8689,2,817,3.7332
16167236,81304,8,4.9096,1,817,3.6977
18170896,81304,8,4.4951,1,817,3.2974
22539758,81304,8,4.6609,1,817,3.4578
11253262,81304,8,4.3986,1,817,3.1542
16970864,81304,7,4.1966,1,817,2.8972
198494684,81304,9,5.5439,2,817,4.3745
10697232,81304,8,4.8229,1,817,3.6010
20772763,81304,8,4.4982,1,817,3.1616
105648689,1,0,0.0000,,0,0.0000
18210263,81304,7,4.3631,1,817,2.9584
182083191,81304,8,5.3967,2,817,4.1763
5976542,81304,8,4.6627,1,817,3.3378
14882455,81304,10,6.5351,2,817,5.2497
14602589,81304,8,5.3431,2,817,4.1200
15988175,81304,8,4.8234,1,817,3.4969
55879768,81304,8,4.8705,1,817,3.6010
1045141,81304,8,4.8150,1,817,3.5692
1476651,81304,7,4.2669,1,817,2.9927
176251561,81304,8,4.7386,1,817,3.3501
12729412,81304,7,4.6218,1,817,3.3023
196878545,1,0,0.0000,,0,0.0000
85704847,81304,10,6.2767,2,817,4.9670
14655436,81304,7,4.3290,1,817,2.9914
55532048,81304,9,6.2076,3,817,4.8690
3440421,81304,8,4.7425,1,817,3.4945
39436030,81304,8,4.5405,1,817,3.2252
53175445,81304,8,5.0346,1,817,3.7075
12193882,81304,8,4.7267,1,817,3.5508
8471852,81304,8,5.2472,2,817,3.9914
21162131,81304,8,4.7412,1,817,3.4198
769584,81304,7,4.1694,1,817,2.8984
7857092,81304,8,4.6623,2,817,3.3060
14516492,81304,7,4.4669,2,817,3.1995
18999896,81304,8,4.5502,1,817,3.2020
46017847,81304,8,5.1988,2,817,3.9302
15891115,81304,8,4.6613,1,817,3.3574
36898952,81304,8,4.6943,1,817,3.5239
17228988,81304,8,5.2056,1,817,3.9339
42861755,81304,7,4.5533,1,817,3.2778
18034357,81304,8,5.5151,2,817,4.3293
18823915,81304,7,3.9871,1,817,2.6965
23081176,81304,8,4.9612,2,817,3.7625
62533012,81304,8,4.6197,1,817,3.3880
17374293,81304,8,5.4318,2,817,4.1665
22301259,81304,8,4.9875,2,817,3.7442
364401844,81304,8,5.3306,2,817,4.0061
14839415,81304,8,4.7903,1,817,3.6144
14130069,81304,8,5.3933,2,817,4.2313
7768572,81304,9,5.5410,2,817,4.3819
37461389,81304,9,5.5815,2,817,4.4051
1877831,81304,8,4.9084,1,817,3.6903
39434755,81304,8,4.9401,1,817,3.7283
19402861,81304,8,4.6892,1,817,3.6218
28532263,81304,8,5.5344,2,817,4.3770
93006320,81304,7,4.3507,1,817,3.1285
24571622,81304,7,4.4891,1,817,3.2313
1050111,81304,7,4.0645,1,817,2.8862
14727182,81304,7,4.1020,1,817,2.9645
14877628,81304,7,4.1309,1,817,2.9951
16007688,81304,8,4.5875,1,817,3.2375
16933590,81304,8,4.5717,1,817,3.3647
17198373,81304,7,4.2337,1,817,3.1163
19145653,81304,7,3.9330,1,817,2.7160
19530437,81304,7,4.2100,1,817,3.0918
22289735,81304,7,4.2294,1,817,3.1114
22708797,81304,8,4.6266,1,817,3.4565
25628280,81304,7,4.2035,1,817,3.0869
22513919,81304,8,4.6903,1,817,3.6144
10422602,81304,8,4.5243,1,817,3.3182
173661406,81304,8,4.8684,1,817,3.5520
820281,81304,7,4.3961,1,817,3.0453
117839957,81304,7,4.1979,1,817,3.0612
48777382,81304,7,4.1300,1,817,2.9412
896061,81304,8,5.3451,2,817,4.0942
15243812,81304,9,6.2418,3,817,4.9633
14706902,81304,8,5.1621,2,817,3.8800
25087685,81304,7,4.1131,1,817,2.9474
18721746,81304,9,5.4866,1,817,4.1138
197594920,1,0,0.0000,,0,0.0000
16315375,81304,7,3.9529,1,817,2.5545
144003355,81304,7,3.8925,1,817,2.6095
348394675,81304,9,6.2204,3,817,4.9829
148189533,81304,7,4.5099,1,817,3.1261
536821908,81304,8,4.7736,2,817,3.3758
20101482,81304,8,4.4324,1,817,3.1530
25389194,81304,8,4.9752,2,817,3.7772
14683691,81304,8,4.6172,2,817,3.3513
17105870,81304,8,5.0900,1,817,3.7882
99846591,81304,8,4.9839,1,817,3.7846
113112076,81304,9,6.1590,2,817,4.8629
14994418,81304,7,3.9997,1,817,2.6634
66713854,81304,8,5.1869,1,817,3.8470
69623723,81304,8,4.6907,1,817,3.3623
161540088,81304,7,4.3538,1,817,3.0098
47766490,81304,7,4.0989,1,817,2.7589
48132655,81304,7,4.2826,1,817,2.9706
77592002,81304,7,4.4739,1,817,3.1408
36767299,81304,8,4.4495,1,817,3.1102
2777901,81304,7,4.2838,1,817,3.0196
57253261,81304,8,5.5243,2,817,4.2142
20555201,81304,8,4.8685,2,817,3.5765
20733397,81304,8,4.8395,2,817,3.5594
62928614,81304,7,4.2331,1,817,2.9731
14528019,81304,8,4.5960,1,817,3.2827
94322360,81304,9,5.5819,2,817,4.3978
198365716,1,0,0.0000,,0,0.0000
17029186,81304,8,4.8752,1,817,3.6548
19518328,81304,7,4.3616,1,817,3.0808
28744383,81304,8,4.5197,1,817,3.1714
16264063,81304,7,4.0732,1,817,2.7381
30495007,81304,8,4.5408,1,817,3.2778
97566975,81304,7,3.8438,1,817,2.5508
111799554,81304,7,4.6890,1,817,3.3280
196508689,81304,7,4.5638,1,817,3.2901
226799456,81304,7,4.6507,2,817,3.4039
15742435,81304,7,4.4914,1,817,3.2485
567685433,1,0,0.0000,,0,0.0000
5042921,81304,7,4.1622,1,817,2.8898
19386622,81304,8,4.8730,1,817,3.5936
23641687,81304,7,4.1821,1,817,2.8556
33120876,1,0,0.0000,,0,0.0000
17918629,81304,7,4.2467,1,817,2.9376
99426033,81304,7,4.2014,1,817,2.8641
255790981,81304,7,3.9322,1,817,2.5104
307821954,81304,7,4.3862,1,817,3.0490
63498052,81304,9,5.8233,2,817,4.5410
36618690,81304,6,3.8820,1,817,2.6377
68450853,81304,8,4.8672,1,817,3.5630
17500393,81304,8,5.0836,1,817,3.7993
17158189,81304,7,4.1244,1,817,2.8164
57244828,81304,7,4.0612,1,817,2.8054
15594986,81304,8,5.0472,2,817,3.6977
14431630,1,0,0.0000,,0,0.0000
2929781,81304,7,4.3993,1,817,3.1175
17323985,81304,7,4.3917,1,817,3.0441
28774039,81304,8,5.1189,1,817,3.8605
250746940,81304,7,3.8335,1,817,2.5483
143928271,81304,7,3.8934,1,817,2.6622
15139281,81304,7,4.1924,1,817,2.9449
16334857,81304,8,5.2565,1,817,4.0453
179999852,1,0,0.0000,,0,0.0000
16844612,1,0,0.0000,,0,0.0000
3275481,81304,8,5.4587,2,817,4.2044
78417564,81304,8,4.9673,1,817,3.7185
8275002,81304,7,4.6384,2,817,3.3268
8813002,1,0,0.0000,,0,0.0000
41619873,81304,7,4.0371,1,817,2.7062
266941320,1,0,0.0000,,0,0.0000
16415992,81304,7,3.8821,1,817,2.5667
20968877,81304,7,4.4124,1,817,3.1603
10482392,1,0,0.0000,,0,0.0000
3466081,81304,7,4.5333,1,817,3.3880
19626842,81304,8,4.9886,2,817,3.7356
106480522,81304,8,4.9564,1,817,3.7491
38823390,1,0,0.0000,,0,0.0000
23991290,81304,7,4.1253,1,817,2.8592
3888351,81304,10,6.4485,2,817,5.1065
6834922,81304,7,4.5887,2,817,3.3623
30651564,81304,7,4.0284,1,817,2.7466
21176417,81304,7,4.3574,1,817,3.0673
24049604,81304,7,3.9633,1,817,2.6022
164412502,81304,8,4.5958,1,817,3.3476
155488129,1,0,0.0000,,0,0.0000
90618895,81304,8,4.6993,1,817,3.3354
17961247,81304,8,4.9823,2,817,3.8152
19627620,1,0,0.0000,,0,0.0000
24443764,81304,8,4.6763,1,817,3.3733
35955299,1,0,0.0000,,0,0.0000
14751055,81304,8,4.5558,1,817,3.3390
105715305,81304,9,5.3367,2,817,3.9584
17547378,81304,8,4.6540,2,817,3.4247
15595963,81304,8,5.4849,2,817,4.2264
17467721,81304,8,5.0119,2,817,3.8482
39873359,81304,9,6.1311,3,817,4.8568
14070772,81304,8,5.0653,2,817,3.7760
16239185,81304,7,4.4556,1,817,3.2362
14332682,81304,8,5.0259,1,817,3.6989
19273960,81304,8,5.2669,2,817,4.0379
14599470,81304,8,4.9152,1,817,3.7038
15582857,81304,7,4.3560,1,817,3.0551
18904698,81304,8,4.6790,1,817,3.4002
23196500,81304,7,4.4586,1,817,3.1934
25957136,81304,7,4.2198,1,817,2.8898
90175945,81304,7,4.0335,1,817,2.6695
309898133,81304,7,4.0252,1,817,2.6365
74615419,81304,7,4.3629,1,817,3.0710
16176972,81304,7,3.7110,1,817,2.4137
16896496,81304,7,4.0528,1,817,2.7173
17564647,81304,7,3.7828,1,817,2.4480
24820171,81304,7,3.8680,1,817,2.5838
97740333,81304,7,4.0102,1,817,2.7589
421848829,81304,7,4.2027,1,817,2.9535
529658284,81304,7,4.1089,1,817,2.8874
16203386,81304,7,4.2976,1,817,3.0073
22353765,81304,7,4.2676,1,817,2.9816
307044653,81304,7,4.3460,1,817,3.0796
44603491,1,0,0.0000,,0,0.0000
5516732,81304,8,5.0368,2,817,3.7344
15374657,1,0,0.0000,,0,0.0000
21512236,81304,8,5.0394,1,817,3.7821
27934225,81304,8,4.5087,1,817,3.1628
112275643,81304,8,4.6951,1,817,3.3819
25584713,81304,8,4.8045,1,817,3.5202
394081026,81304,8,4.9539,1,817,3.5961
284280195,81304,7,3.8607,1,817,2.5667
36224771,81304,7,3.9347,1,817,2.6634
100301852,81304,8,5.0698,1,817,3.7785
34041776,81304,8,4.9058,2,817,3.6585
29089023,81304,9,5.8644,2,817,4.6646
48201036,81304,8,4.8375,1,817,3.6328
280163928,81304,8,4.9392,1,817,3.6328
15249082,81304,8,4.6022,1,817,3.2778
42519612,81304,8,5.1713,1,817,3.7895
13443832,1,0,0.0000,,0,0.0000
18814517,81304,8,4.7397,1,817,3.5177
269427088,81304,7,4.2517,1,817,3.0881
300418156,81304,8,4.3655,1,817,3.0906
18915579,81304,9,5.9587,2,817,4.7711
15654868,81304,8,4.9026,1,817,3.6744
18038892,1,0,0.0000,,0,0.0000
231854033,81304,7,4.3219,1,817,3.1383
39706174,81304,7,4.0230,1,817,2.7907
14867598,81304,8,4.7317,1,817,3.3843
42576711,81304,7,4.1599,1,817,2.8091
8655082,1,0,0.0000,,0,0.0000
16560391,81304,7,4.2312,1,817,3.1138
57490497,2,1,1.0000,,0,0.0000
378779638,81304,8,4.6563,1,817,3.4749
70775228,81304,8,4.8068,1,817,3.6610
31090570,81304,8,4.9466,1,817,3.7736
18032579,81304,8,4.7355,2,817,3.4712
62039228,81304,8,5.1324,2,817,3.8372
116324294,81304,8,4.9071,1,817,3.7026
24031144,1,0,0.0000,,0,0.0000
15627381,2,1,1.0000,,0,0.0000
7565232,81304,8,4.8935,1,817,3.6977
124296976,81304,7,4.2178,1,817,2.8727
43312041,81304,8,4.8990,2,817,3.6059
49167514,81304,7,4.4671,1,817,3.1346
59233562,1,0,0.0000,,0,0.0000
16343974,81304,9,5.5583,1,817,4.3048
218742198,81304,7,4.1781,1,817,2.8384
74416885,1,0,0.0000,,0,0.0000
19470957,81304,8,4.9562,2,817,3.6805
60982568,81304,7,3.9439,1,817,2.7026
107383619,81304,7,4.4702,1,817,3.1530
99570517,81304,8,4.8460,1,817,3.5104
533423839,1,0,0.0000,,0,0.0000
19683345,81304,7,4.1880,1,817,3.0575
432964727,81304,7,4.3173,1,817,3.0282
44177692,81304,8,4.9844,2,817,3.6536
12409312,81304,7,4.6245,1,817,3.2852
79386459,81304,8,4.6422,1,817,3.3856
21178944,81304,8,4.7445,1,817,3.5018
46507901,81304,8,4.7496,1,817,3.4688
67838821,81304,7,4.6564,1,817,3.3488
43067446,81304,8,4.8628,2,817,3.7295
125553717,81304,7,4.2912,1,817,2.9731
14295267,81304,7,4.3801,1,817,3.0477
22460658,81304,7,4.1546,1,817,3.0428
269248034,81304,7,3.9243,1,817,2.4945
19039488,81304,9,5.7459,2,817,4.5288
28646907,81304,8,5.1860,2,817,3.9094
78411917,81304,8,4.9198,1,817,3.5851
9359222,81304,8,4.7860,1,817,3.5716
9464372,81304,7,4.2405,1,817,2.9523
21261646,81304,7,4.6712,1,817,3.3537
22087375,1,0,0.0000,,0,0.0000
27822843,81304,7,4.2738,1,817,3.1334
73874988,81304,7,4.4371,1,817,3.1995
28205458,81304,8,4.6207,1,817,3.3782
97051070,81304,8,4.5733,1,817,3.3745
34274380,81304,8,4.7668,1,817,3.6144
27935501,81304,9,5.7866,3,817,4.5373
15381952,81304,8,5.0818,1,817,3.7515
42252369,81304,7,4.5411,1,817,3.3084
14647871,81304,8,5.0415,1,817,3.8972
137173965,81304,7,4.4647,1,817,3.2105
140078432,81304,7,4.1828,1,817,2.9547
234971702,81304,7,4.3878,1,817,3.1151
300536012,81304,8,4.6719,1,817,3.3660
374277982,81304,7,4.2919,1,817,3.0673
179819264,81304,8,5.0816,1,817,3.7858
93707337,81304,8,4.6568,1,817,3.4333
314340918,81304,8,4.8235,1,817,3.4663
9402372,81304,8,5.2251,2,817,4.1126
19751385,81304,8,4.6874,1,817,3.5067
103807223,81304,7,4.4176,1,817,3.1554
128285020,81304,7,4.1826,1,817,2.9572
39030296,1,0,0.0000,,0,0.0000
112534511,81304,8,4.9627,2,817,3.7246
15655027,81304,8,4.7471,1,817,3.4798
15351161,81304,8,5.0479,1,817,3.7809
18157057,81304,9,6.1466,2,817,4.8335
169693203,81304,8,5.0619,1,817,3.7295
22931151,81304,8,4.8711,1,817,3.6279
25053716,81304,8,5.2075,1,817,3.8898
14916626,81304,8,4.6625,1,817,3.4259
15245470,81304,8,5.1731,2,817,3.9572
32548772,81304,8,5.1614,2,817,3.9351
171542386,81304,8,4.5606,1,817,3.3170
17775805,81304,7,4.5656,1,817,3.2583
35566675,81304,9,5.4520,2,817,4.1909
115579325,81304,8,5.2043,2,817,4.0783
16967011,81304,8,5.1503,1,817,3.8641
14968376,81304,8,5.3876,2,817,4.1346
33633984,1,0,0.0000,,0,0.0000
200168157,1,0,0.0000,,0,0.0000
146885274,81304,7,4.2145,1,817,2.9376
19880042,81304,7,3.9456,1,817,2.5973
43864636,81304,8,5.2079,2,817,3.9351
76712747,81304,8,5.3937,2,817,4.1518
26143624,81304,7,4.2741,1,817,3.1346
219927350,81304,7,4.6363,1,817,3.3733
16801904,81304,7,3.7233,1,817,2.5214
50189671,81304,7,4.3679,1,817,3.0783
380105490,1,0,0.0000,,0,0.0000
141089076,81304,7,4.1149,1,817,2.9731
30306043,81304,7,4.5781,1,817,3.3268
15511919,81304,8,5.2024,2,817,3.9131
37299744,81304,7,4.4175,1,817,3.1457
308038887,1,0,0.0000,,0,0.0000
11487372,81304,7,4.3581,1,817,3.0453
14235180,81304,8,4.4753,1,817,3.1848
39061140,81304,8,4.7492,1,817,3.5569
118560761,81304,7,4.6842,1,817,3.4100
19503627,81304,7,4.3803,1,817,3.1151
64852973,81304,9,5.7590,2,817,4.5924
15056202,81304,7,4.3217,1,817,3.0955
18657864,81304,7,4.0629,1,817,2.8654
14532236,81304,8,4.8236,1,817,3.5765
19509652,81304,9,6.1744,2,817,4.8837
37338814,81304,8,4.8571,1,817,3.5728
12564622,81304,7,4.2796,1,817,3.0061
18583743,81304,8,4.7772,1,817,3.5067
39024298,1,0,0.0000,,0,0.0000
22587138,81304,7,4.0889,1,817,2.8947
12616532,81304,8,5.2413,2,817,4.0698
28102830,81304,10,7.2520,4,817,5.9731
20078986,81304,8,4.9483,1,817,3.7503
44130462,81304,8,4.6086,1,817,3.3660
15804837,81304,8,5.3965,2,817,4.0955
12973892,81304,8,4.8499,1,817,3.6438
21761662,81304,8,4.6708,1,817,3.4859
41199099,81304,8,5.4299,2,817,4.1701
96029439,81304,8,4.9950,1,817,3.7968
91083585,81304,8,5.2367,2,817,4.0184
13482222,81304,7,4.3202,1,817,3.1359
107180853,81304,8,5.1664,2,817,3.9498
186233812,81304,9,5.4883,2,817,4.2460
18952953,81304,8,5.1006,2,817,3.9718
14836957,81304,8,4.7083,1,817,3.6401
494414941,81304,8,4.6744,1,817,3.4468
403101513,81304,8,4.9476,1,817,3.6034
37344658,81304,10,6.6402,3,817,5.3427
38828294,81304,8,4.7856,1,817,3.5887
321628889,81304,8,5.0707,1,817,3.7968
28987873,81304,9,5.7257,3,817,4.4517
148654589,1,0,0.0000,,0,0.0000
184524050,81304,8,4.5640,1,817,3.3378
14083857,81304,10,6.6055,3,817,5.3390
235636925,81304,9,5.6214,2,817,4.4027
18840310,81304,8,4.5562,1,817,3.3684
82144210,81304,8,5.0783,2,817,3.8776
27643736,81304,7,4.4263,1,817,3.1273
506495202,81304,7,4.2444,1,817,2.8813
257110318,81304,8,5.0211,1,817,3.8286
89032548,81304,6,3.6375,1,817,2.3574
262449303,81304,7,3.9894,1,817,2.5863
266127146,81304,7,3.9279,1,817,2.5214
392223894,1,0,0.0000,,0,0.0000
100063647,81304,7,4.1248,1,817,2.8972
119499746,81304,9,5.6697,1,817,4.4565
15987971,81304,7,3.8777,1,817,2.6059
216568299,81304,7,3.9871,1,817,2.6585
25365699,81304,8,5.0935,2,817,3.9045
14181054,81304,8,4.9033,2,817,3.6903
43216983,5,1,1.0000,,0,0.0000
14188183,81304,7,4.4852,1,817,3.1285
248074960,81304,9,5.8512,1,817,4.6879
68917430,2,1,1.0000,1,1,1.0000
39482914,81304,8,4.9971,1,817,3.7662
17243874,81304,9,5.6321,2,817,4.3647
14584200,81304,8,4.5701,1,817,3.2154
44469578,81304,8,5.5364,2,817,4.2301
29833114,81304,8,5.1550,2,817,3.8678
112469202,81304,8,5.1550,2,817,3.8678
18561291,1,0,0.0000,,0,0.0000
21703777,1,0,0.0000,,0,0.0000
32473147,81304,8,4.6999,1,817,3.4847
21115824,81304,8,4.8501,2,817,3.6732
38810028,81304,8,4.6696,1,817,3.3537
19691048,81304,9,6.0473,2,817,4.9155
18270938,81304,8,5.1395,1,817,3.8690
38487334,81304,8,4.7780,2,817,3.4798
95023423,1,0,0.0000,,0,0.0000
28931013,81304,8,4.9365,1,817,3.6744
26964910,81304,7,4.7847,1,817,3.4627
23204142,1,0,0.0000,,0,0.0000
5791322,1,0,0.0000,,0,0.0000
32124771,81304,8,5.0420,1,817,3.8470
103518709,81304,8,4.9794,1,817,3.7846
163379277,81304,8,4.4396,1,817,3.0600
310618477,81304,8,5.3616,2,817,4.0832
189948761,81304,8,5.1225,1,817,3.8078
14358362,81304,7,4.7034,1,817,3.4749
163986386,81304,8,4.9158,2,817,3.6879
155943753,81304,8,5.1743,2,817,3.9033
19275545,81304,8,4.9301,1,817,3.6291
467720163,81304,8,5.1512,1,817,3.8666
259984813,81304,7,4.0830,1,817,2.7687
281670654,1,0,0.0000,,0,0.0000
334581573,81304,7,4.3984,1,817,3.1261
182945800,81304,7,4.2245,1,817,2.9523
136139626,81304,9,6.3448,3,817,5.0392
310463188,81304,9,5.5034,2,817,4.1089
310571493,81304,7,4.5707,2,817,3.3244
16821503,81304,8,5.2472,1,817,3.9155
14685749,81304,8,5.0139,1,817,3.7576
29039585,81304,8,4.6114,1,817,3.4198
823860,1,0,0.0000,,0,0.0000
21589783,81304,8,4.9930,2,817,3.8005
78670429,81304,7,4.0137,1,817,2.7576
14724414,81304,7,4.4605,1,817,3.0918
23967578,1,0,0.0000,,0,0.0000
110619618,1,0,0.0000,,0,0.0000
14520049,81304,9,6.1791,3,817,5.0147
425408161,1,0,0.0000,,0,0.0000
255641721,1,0,0.0000,,0,0.0000
426147176,81304,9,5.4935,2,817,4.2081
85262682,81304,8,4.9157,1,817,3.6805
73446048,81304,7,3.9752,1,817,2.5337
14611017,81304,7,4.6207,1,817,3.3133
17343541,81304,8,5.4277,2,817,4.1383
50799521,81304,9,6.0027,2,817,4.6707
188290570,81304,8,5.5204,2,817,4.1444
16476334,81304,7,3.8508,1,817,2.4517
236919977,81304,7,3.9346,1,817,2.5765
29261954,81304,8,5.0919,2,817,3.8947
374930799,81304,8,5.4405,3,817,4.2583
57943524,1,0,0.0000,,0,0.0000
104901536,81304,7,4.4661,1,817,3.1200
14762568,2,1,1.0000,,0,0.0000
31333097,81304,8,4.6754,1,817,3.3819
52076021,81304,9,6.1997,3,817,4.9204
124886551,81304,8,5.1342,2,817,3.9780
469284189,81304,10,7.0270,2,817,5.7283
100603056,81304,9,5.7154,2,817,4.2974
165828200,81304,9,5.6042,2,817,4.2472
180653842,1,0,0.0000,,0,0.0000
25164223,81304,8,4.9403,1,817,3.5912
125643969,81304,8,5.5822,2,817,4.2827
142563319,1,0,0.0000,,0,0.0000
181401555,81304,7,4.5446,1,817,3.2375
63051024,81304,8,4.9007,1,817,3.5300
14915187,81304,8,4.9281,1,817,3.7466
9134112,1,0,0.0000,,0,0.0000
15053224,81304,7,4.4665,1,817,3.1799
23420261,81304,8,5.2015,2,817,3.8886
27459811,81304,7,4.4958,1,817,3.3048
16577931,81304,7,4.1789,1,817,3.0441
385692583,81304,8,4.8739,1,817,3.6279
15004390,1,0,0.0000,,0,0.0000
488153380,81304,8,4.8278,2,817,3.6867
41627038,81304,8,4.5547,1,817,3.2901
111045742,81304,7,4.2517,1,817,3.1089
140192557,81304,7,4.2608,1,817,3.0796
15110125,81304,7,4.3394,1,817,3.1004
184623914,81304,9,5.8046,2,817,4.4933
213152158,81304,7,3.9773,1,817,2.6120
266130366,81304,8,4.4345,1,817,3.0734
181010533,81304,7,4.5669,1,817,3.2424
44564141,81304,8,4.6090,1,817,3.2558
167426817,81304,7,4.4118,1,817,3.1138
31092660,81304,8,5.4707,2,817,4.3035
62452648,4,1,1.0000,,0,0.0000
288072870,81304,8,5.2256,1,817,3.9241
42044912,81304,8,4.8007,1,817,3.5398
60744539,81304,7,4.1819,1,817,3.0514
30535561,81304,7,4.5258,1,817,3.1542
246166284,1,0,0.0000,,0,0.0000
31202965,81304,8,4.6129,1,817,3.4321
68808413,81304,7,4.3575,1,817,3.1089
15988433,81304,8,5.5184,2,817,4.2105
484431659,81304,7,4.5153,1,817,3.2081
339239285,1,0,0.0000,,0,0.0000
16666748,1,0,0.0000,,0,0.0000
17326776,1,0,0.0000,,0,0.0000
45234040,1,0,0.0000,,0,0.0000
18593276,1,0,0.0000,,0,0.0000
162103637,81304,8,4.6605,1,817,3.3329
32197923,1,0,0.0000,,0,0.0000
284281579,1,0,0.0000,,0,0.0000
26572383,81304,8,4.9403,1,817,3.5753
120790661,81304,8,4.7423,1,817,3.4333
163541886,81304,8,4.7856,1,817,3.4908
217651919,81304,7,4.1837,1,817,2.8764
17734713,1,0,0.0000,,0,0.0000
40125673,3,2,1.5000,1,1,1.0000
135078371,81304,10,6.9689,4,817,5.7013
358710356,81304,7,4.3218,1,817,3.0282
338084918,81304,8,5.4400,2,817,4.0832
18322185,81304,8,4.9810,2,817,3.6279
66251141,1,0,0.0000,,0,0.0000
18028703,81304,7,4.1469,1,817,3.0379
41171726,1,0,0.0000,,0,0.0000
15818301,81304,8,4.8418,2,817,3.5398
272837601,81304,8,4.8537,1,817,3.6071
16517719,81304,9,5.4427,1,817,4.1922
70436289,81304,8,5.5108,2,817,4.1481
36192626,81304,9,5.4684,1,817,4.1983
314096520,81304,9,5.5960,2,817,4.3060
41806795,81304,8,4.5896,1,817,3.4198
62829409,81304,7,4.1126,1,817,2.9229
465723566,1,0,0.0000,,0,0.0000
113057351,81304,8,5.0428,2,817,3.8837
121524001,81304,8,4.7806,1,817,3.6389
44235766,81304,7,3.9773,1,817,2.5998
187960702,81304,8,4.8284,1,817,3.5838
269485905,81304,7,4.1028,1,817,2.7968
21104725,81304,8,5.3941,2,817,4.1273
166374073,81304,8,4.7141,1,817,3.4321
43905669,81304,8,4.9275,2,817,3.5851
27681854,81304,9,5.7461,1,817,4.4186
20018290,1,0,0.0000,,0,0.0000
59232814,81304,8,4.8032,1,817,3.7993
231469134,81304,8,4.9662,1,817,3.7858
91056925,81304,8,4.9357,1,817,3.6707
33688391,81304,8,4.9160,1,817,3.6977
29852657,1,0,0.0000,,0,0.0000
494422305,81304,9,5.9548,3,817,4.7564
23763933,81304,8,5.4158,2,817,4.1077
258992288,81304,8,4.6377,2,817,3.4370
39588192,81304,8,5.3998,2,817,4.1236
38679757,81304,7,4.1939,1,817,2.8911
106890050,81304,9,6.1513,2,817,4.8666
68688301,81304,8,5.4902,2,817,4.3097
27334204,81304,9,6.0122,3,817,4.6071
17684681,81304,9,5.8541,2,817,4.5814
457400706,81304,10,6.4992,2,817,5.3378
47576808,81304,8,5.4580,2,817,4.1603
107451803,81304,9,5.9221,2,817,4.6120
22178617,6,3,1.8000,,0,0.0000
51408213,1,0,0.0000,,0,0.0000
18895806,81304,8,4.7380,1,817,3.5545
18078923,1,0,0.0000,,0,0.0000
46571564,1,0,0.0000,,0,0.0000
17021844,81304,8,4.8368,1,817,3.7160
39103342,81304,8,4.9520,1,817,3.7687
17466492,81304,7,4.2296,1,817,3.0502
124197301,81304,10,6.4891,3,817,5.2301
63333723,81304,8,4.7697,1,817,3.5202
96846255,1,0,0.0000,,0,0.0000
97881470,81304,8,5.0417,1,817,3.9155
106737435,81304,8,4.9443,1,817,3.8727
16974572,81304,9,5.6542,2,817,4.3733
56080133,81304,8,4.9857,1,817,3.6047
17034368,81304,7,4.3308,1,817,3.0282
477792933,81304,7,4.4910,1,817,3.2362
17065446,4,2,1.3333,,0,0.0000
19017764,81304,7,4.3857,1,817,3.1812
80597462,81304,8,5.1319,2,817,3.9914
441457895,81304,7,4.3441,1,817,3.1714
66494866,81304,8,5.3078,2,817,4.1652
28310992,2,1,1.0000,,0,0.0000
17303789,81304,8,5.0390,2,817,3.8127
80663030,81304,8,5.1299,1,817,3.8458
238788071,81304,10,6.9187,2,817,5.6328
285949141,3,2,1.5000,1,1,1.0000
274665850,81304,7,3.9393,1,817,2.6071
273817858,81304,8,4.8637,1,817,3.7185
51888905,81304,7,4.2318,1,817,3.1114
79289793,1,0,0.0000,,0,0.0000
84119894,81304,9,6.1326,2,817,4.8996
96164737,81304,7,4.1907,1,817,2.9009
20403632,1,0,0.0000,,0,0.0000
36983188,1,0,0.0000,,0,0.0000
17631139,81304,8,5.4400,2,817,4.2130
28176041,81304,8,4.8199,1,817,3.4027
230891041,81304,8,4.7350,1,817,3.2607
479879156,1,0,0.0000,,0,0.0000
20439682,81304,8,5.4778,2,817,4.3182
43107833,81304,9,6.4805,3,817,5.3280
43001357,81304,7,3.9957,1,817,2.5924
204054541,81304,8,4.8000,1,817,3.3390
18768305,81304,8,4.5234,1,817,3.3256
17871777,81304,8,5.0374,1,817,3.6854
196413641,81304,8,4.8877,2,817,3.7540
62167586,81304,8,5.3963,2,817,4.1273
50206183,1,0,0.0000,,0,0.0000
480466408,81304,9,5.7587,3,817,4.5692
33777251,81304,8,5.2527,2,817,3.9865
52180336,81304,8,4.6777,1,817,3.4162
18134480,81304,8,4.5498,1,817,3.2264
18156837,81304,10,6.9823,3,817,5.6267
132685027,1,0,0.0000,,0,0.0000
18226014,81304,8,4.9745,1,817,3.6854
26097519,81304,8,5.2468,1,817,3.8543
113476829,81304,8,5.0388,2,817,3.8066
121937703,81304,8,5.2059,2,817,3.9327
330493895,1,0,0.0000,,0,0.0000
19527640,1,0,0.0000,,0,0.0000
546810343,81304,7,4.5485,1,817,3.2987
237836366,1,0,0.0000,,0,0.0000
36254034,81304,10,7.0759,4,817,5.7650
36606297,81304,7,4.4311,1,817,3.1824
408556322,1,0,0.0000,,0,0.0000
55571656,81304,7,4.0346,1,817,2.7479
382828273,81304,10,6.4748,2,817,5.1334
47487408,81304,9,6.1006,3,817,4.8996
19683409,81304,7,4.4563,1,817,3.1151
345056098,81304,8,4.7616,1,817,3.4823
354139446,81304,9,5.7261,2,817,4.4712
373206070,81304,9,5.7444,2,817,4.4810
435923452,81304,8,4.7607,1,817,3.4823
43841831,81304,7,4.5570,1,817,3.3133
22575170,81304,8,4.7481,1,817,3.4823
27993894,81304,8,4.9084,2,817,3.6132
483361561,81304,7,4.2563,1,817,3.0367
38882763,81304,8,4.8232,2,817,3.6328
19059478,81304,9,6.0045,3,817,4.9596
24883888,81304,10,6.5109,1,817,5.1518
24162342,81304,7,4.7162,1,817,3.4406
118647732,81304,8,4.9108,2,817,3.5949
49161606,81304,8,4.5373,1,817,3.1775
176821441,81304,10,6.7957,4,817,5.5410
40564708,81304,7,4.0023,1,817,2.6193
19298387,81304,7,4.3563,1,817,3.0012
77644520,81304,9,5.5918,3,817,4.3072
22519352,81304,8,4.8849,1,817,3.5887
19420082,81304,8,4.7585,1,817,3.4651
333543668,81304,9,5.7789,2,817,4.5410
24463640,81304,8,4.7587,1,817,3.2938
28243927,1,0,0.0000,,0,0.0000
94015906,81304,8,4.6425,1,817,3.4015
102847369,81304,9,5.3914,2,817,3.9633
192311511,81304,8,5.2208,2,817,3.9829
19763837,81304,7,4.5051,1,817,3.3207
450872825,81304,8,5.0690,1,817,3.8531
19838522,81304,8,5.1496,1,817,3.8140
253170156,1,0,0.0000,,0,0.0000
368956091,81304,8,4.9195,2,817,3.8188
20014803,81304,8,4.6348,1,817,3.4149
372723954,1,0,0.0000,,0,0.0000
56759468,81304,7,4.2688,1,817,2.8874
87407997,81304,8,5.5910,2,817,4.2705
20144047,81304,9,5.4733,1,817,4.2142
181619900,81304,7,4.6890,1,817,3.3990
51969349,1,0,0.0000,,0,0.0000
234582354,81304,7,4.4149,1,817,3.1726
48652943,81304,7,3.9162,1,817,2.6144
60665688,81304,7,3.9710,1,817,2.6108
23986097,81304,8,5.0509,1,817,3.7258
161053606,3,1,1.0000,,0,0.0000
211296320,3,1,1.0000,,0,0.0000
189249796,81304,8,5.1285,1,817,3.9437
42450146,81304,10,6.6512,3,817,5.3990
507844735,1,0,0.0000,,0,0.0000
36522335,81304,7,4.4792,1,817,3.1481
152820428,81304,8,4.8389,1,817,3.5973
50447242,81304,8,4.9894,1,817,3.6328
58467095,81304,9,6.0181,2,817,4.7858
390800669,81304,8,5.1685,2,817,3.7956
125246078,81304,7,4.4506,1,817,3.0845
19996857,1,0,0.0000,,0,0.0000
40123277,1,0,0.0000,,0,0.0000
82296764,1,0,0.0000,,0,0.0000
19029584,1,0,0.0000,,0,0.0000
144669303,81304,7,4.2993,1,817,2.9633
233840562,81304,8,4.7669,1,817,3.3476
362889430,81304,8,5.1201,1,817,3.7882
123356692,81304,7,4.1633,1,817,2.7576
408434727,81304,7,4.4282,1,817,3.0502
21733338,81304,8,5.6476,2,817,4.3354
198466638,81304,9,6.0398,2,817,4.6854
21823402,81304,8,5.7611,2,817,4.4406
109955544,81304,7,3.8923,1,817,2.4896
97244635,81304,8,5.0532,2,817,3.7246
83478370,81304,8,4.4478,1,817,3.2570
229399494,1,0,0.0000,,0,0.0000
21721004,1,0,0.0000,,0,0.0000
323138678,81304,10,6.4996,2,817,5.3378
33022088,81304,8,4.8792,1,817,3.6769
234625696,81304,8,5.2247,2,817,4.1163
34435403,81304,9,6.3526,3,817,4.9853
22620340,81304,8,5.1341,2,817,3.9596
462087022,81304,8,5.1840,2,817,3.7980
34888855,2,1,1.0000,,0,0.0000
308201248,81304,8,4.6983,1,817,3.4272
72789731,81304,9,5.6737,2,817,4.2925
40703590,81304,8,5.4292,2,817,4.0526
263527613,81304,8,5.1023,1,817,3.7699
33428932,81304,8,5.2235,2,817,4.1126
193735069,81304,8,5.2251,2,817,4.1163
323341481,81304,9,6.1726,2,817,4.8580
26383405,81304,7,4.2459,1,817,2.9804
82500164,81304,7,3.9991,1,817,2.6585
23958317,81304,8,4.7718,1,817,3.5263
43961854,81304,7,4.2334,1,817,3.1163
340725332,81304,7,4.4724,1,817,3.1297
24160143,81304,8,5.1135,2,817,3.8666
24203500,81304,8,4.6169,1,817,3.2485
221582075,81304,8,4.3598,1,817,2.9058
151044422,81304,8,4.7727,1,817,3.3427
286160055,81304,8,5.4317,3,817,4.1824
182789890,81304,7,4.5390,1,817,3.3905
37943674,2,1,1.0000,,0,0.0000
480616969,81304,8,4.6659,2,817,3.3562
76026193,81304,7,4.2281,1,817,3.1163
94115365,81304,7,4.2272,1,817,3.1126
28370182,81304,8,5.6934,2,817,4.3170
92564226,1,0,0.0000,,0,0.0000
64281308,81304,8,5.4014,2,817,4.0747
321152228,81304,7,4.4107,1,817,3.0392
59855378,1,0,0.0000,,0,0.0000
146768204,81304,9,5.6479,2,817,4.3366
549452956,81304,8,5.1169,1,817,3.8078
168231881,81304,7,3.9389,1,817,2.5532
268217115,81304,8,4.6301,1,817,3.3182
458209143,81304,8,4.7277,1,817,3.4186
483242192,1,0,0.0000,,0,0.0000
26842714,81304,7,4.4272,1,817,3.1812
258060232,81304,8,4.6454,1,817,3.2693
139095342,81304,7,4.4066,1,817,3.0477
393833790,1,0,0.0000,,0,0.0000
27090278,81304,8,5.2503,1,817,3.8164
357881363,81304,8,5.1276,1,817,3.8103
147060840,81304,7,4.5690,1,817,3.1738
164933358,81304,8,4.8338,1,817,3.5949
19822610,1,0,0.0000,,0,0.0000
244496630,1,0,0.0000,,0,0.0000
305794727,1,0,0.0000,,0,0.0000
524054940,81304,8,5.4694,1,817,4.1591
282637991,81304,8,5.1792,2,817,3.8507
277567607,81304,8,4.8949,1,817,3.6683
172834226,81304,8,4.6391,1,817,3.5153
28703659,81304,7,4.4387,1,817,3.1408
49014025,81304,9,5.6018,1,817,4.2766
262090340,81304,11,8.0528,5,817,6.7246
227915523,81304,9,6.1869,2,817,4.7785
56294895,1,0,0.0000,,0,0.0000
29367733,81304,7,4.2235,1,817,3.0796
99370989,81304,7,4.2688,1,817,2.9841
39358745,81304,8,5.3950,1,817,4.0771
108818223,81304,7,4.5565,1,817,3.1775
44059221,1,0,0.0000,,0,0.0000
30387071,81304,7,4.2400,1,817,2.9106
69117101,81304,9,6.3579,2,817,5.0257
145933457,81304,9,5.7223,2,817,4.5471
64927085,81304,9,5.4858,1,817,4.1408
83867340,81304,9,5.4892,1,817,4.1799
306470925,81304,8,5.3021,1,817,3.9927
31408035,81304,8,5.4704,1,817,4.1444
45024771,1,0,0.0000,,0,0.0000
33050693,81304,8,4.5961,1,817,3.3035
400910929,81304,8,4.8305,2,817,3.5043
33859407,2,1,1.0000,,0,0.0000
41410903,81304,8,4.6683,1,817,3.2999
334492937,81304,8,5.5360,2,817,4.3293
62881502,81304,9,5.7910,2,817,4.5386
15296312,1,0,0.0000,,0,0.0000
304939940,81304,7,4.4743,1,817,3.2105
37301539,81304,7,4.5123,1,817,3.1457
412377973,81304,9,5.7965,2,817,4.3305
433760519,81304,9,6.2242,2,817,4.7625
63303600,81304,8,5.2003,1,817,3.8042
16463115,1,0,0.0000,,0,0.0000
38324331,81304,9,6.3246,3,817,5.0343
266970936,81304,8,5.6178,3,817,4.3917
147322801,81304,8,5.1371,2,817,3.7124
39576002,81304,8,5.0528,2,817,3.8960
40115879,81304,7,4.5852,1,817,3.3427
40755864,81304,7,4.4877,1,817,3.1554
170862218,2,1,1.0000,,0,0.0000
47578642,1,0,0.0000,,0,0.0000
73766317,81304,8,5.0490,2,817,3.7197
41936014,81304,8,4.9944,1,817,3.5251
138760530,81304,8,4.8737,1,817,3.4174
188012636,81304,9,5.8352,2,817,4.4663
43704176,81304,8,5.0506,1,817,3.6144
16374713,1,0,0.0000,,0,0.0000
90451837,81304,7,4.6669,1,817,3.2717
267408938,81304,8,4.7139,2,817,3.5080
125388559,81304,7,4.3530,1,817,3.1334
36058108,1,0,0.0000,,0,0.0000
248506063,81304,9,5.7824,3,817,4.4969
22457794,1,0,0.0000,,0,0.0000
46140684,81304,7,4.5779,1,817,3.2950
82980971,81304,8,5.0605,1,817,3.6120
132688427,81304,8,5.1115,1,817,3.6732
69442868,1,0,0.0000,,0,0.0000
82802958,1,0,0.0000,,0,0.0000
108662105,81304,8,4.9286,1,817,3.6695
322708569,81304,8,5.1679,2,817,4.0233
46699399,81304,8,4.6494,1,817,3.4578
100360973,81304,9,5.8136,2,817,4.3990
17735058,1,0,0.0000,,0,0.0000
52234562,81304,10,6.8543,3,817,5.6414
476144167,1,0,0.0000,,0,0.0000
240740059,81304,7,3.8451,1,817,2.4663
309521701,1,0,0.0000,,0,0.0000
17840804,1,0,0.0000,,0,0.0000
145806685,1,0,0.0000,,0,0.0000
48784684,81304,8,5.0592,1,817,3.6818
195621057,81304,8,5.1821,2,817,3.8678
385248696,1,0,0.0000,,0,0.0000
53741139,1,0,0.0000,,0,0.0000
462525753,1,0,0.0000,,0,0.0000
51228690,81304,9,6.2521,3,817,5.0122
51967452,81304,8,5.6098,2,817,4.3439
430418110,81304,8,4.8262,2,817,3.5031
224306714,81304,8,5.0149,1,817,3.6426
25286225,1,0,0.0000,,0,0.0000
52938069,81304,9,5.7609,3,817,4.4455
53190034,1,0,0.0000,,0,0.0000
246101438,81304,8,5.1235,1,817,3.9241
77145300,1,0,0.0000,,0,0.0000
186757382,81304,8,4.8511,1,817,3.4064
214602900,1,0,0.0000,,0,0.0000
45464773,1,0,0.0000,,0,0.0000
57389596,81304,8,4.6954,1,817,3.4162
87285936,81304,8,4.4873,1,817,3.0441
300827155,81304,8,5.0976,1,817,3.7625
26049679,1,0,0.0000,,0,0.0000
257076632,1,0,0.0000,,0,0.0000
319648327,1,0,0.0000,,0,0.0000
118515563,81304,8,5.0730,1,817,3.6928
59602642,81304,7,4.5838,1,817,3.3023
106477056,81304,7,4.3468,1,817,3.0747
371924684,1,0,0.0000,,0,0.0000
326831882,81304,8,4.6824,1,817,3.4149
99177834,81304,8,5.2227,2,817,4.1114
278147216,81304,9,5.5301,1,817,4.1934
293188133,81304,9,5.7824,3,817,4.3831
396126618,81304,8,4.8164,1,817,3.4382
551544498,81304,9,5.6186,2,817,4.2436
366889049,81304,8,5.2601,1,817,3.8397
69111323,4,1,1.0000,,0,0.0000
299928136,81304,8,5.2131,2,817,3.9278
114878301,81304,9,5.7000,2,817,4.4774
388692278,81304,7,4.3339,1,817,3.0685
341566421,81304,8,4.8122,1,817,3.3623
34863397,1,0,0.0000,,0,0.0000
77941263,81304,7,4.6532,2,817,3.3550
78199415,81304,7,4.4150,1,817,3.1812
175671176,81304,9,5.8099,2,817,4.5557
49605349,1,0,0.0000,,0,0.0000
93936451,1,0,0.0000,,0,0.0000
325891927,1,0,0.0000,,0,0.0000
318082690,1,0,0.0000,,0,0.0000
97057975,81304,8,4.9636,1,817,3.4847
111448378,81304,8,5.1798,1,817,3.8923
361698161,81304,8,5.3849,2,817,4.0771
136870553,81304,9,5.8933,3,817,4.5936
406634619,81304,8,5.0049,1,817,3.5337
88639412,81304,7,4.1825,1,817,2.9168
274829204,81304,7,4.5176,1,817,3.1567
91860003,2,1,1.0000,,0,0.0000
335671756,81304,8,5.4644,2,817,4.2717
86472389,1,0,0.0000,,0,0.0000
117036239,1,0,0.0000,,0,0.0000
110009988,1,0,0.0000,,0,0.0000
134894667,1,0,0.0000,,0,0.0000
237013846,81304,9,5.5631,1,817,4.2668
322603418,81304,8,5.2582,1,817,3.9927
247200654,81304,8,5.1731,2,817,3.9412
377537266,81304,7,4.0878,1,817,2.7430
122460120,81304,8,4.7088,1,817,3.4663
108178715,5,2,1.5000,,0,0.0000
244281485,1,0,0.0000,,0,0.0000
371347704,81304,8,5.0703,1,817,3.6047
66751862,1,0,0.0000,,0,0.0000
42512832,1,0,0.0000,,0,0.0000
112752205,81304,8,5.3643,1,817,3.9804
277760521,81304,9,6.3043,3,817,4.9988
119612855,1,0,0.0000,,0,0.0000
207992979,81304,9,5.4610,1,817,4.1297
467923856,81304,8,5.0410,2,817,3.7430
146984012,81304,8,4.7890,1,817,3.5532
311058301,1,0,0.0000,,0,0.0000
313144493,81304,10,7.4912,4,817,6.1469
128206482,81304,8,4.7641,1,817,3.4565
132481961,1,0,0.0000,,0,0.0000
116339482,1,0,0.0000,,0,0.0000
136426049,1,0,0.0000,,0,0.0000
199779395,1,0,0.0000,,0,0.0000
158484848,81304,10,7.1263,3,817,5.7160
222243542,1,0,0.0000,,0,0.0000
116867527,1,0,0.0000,,0,0.0000
126286547,1,0,0.0000,,0,0.0000
308505649,81304,7,4.0765,1,817,2.7209
254295223,81304,8,4.5212,1,817,3.2203
470741220,81304,9,5.8194,2,817,4.6169
155817885,81304,8,4.8564,1,817,3.4100
382897912,81304,8,4.8844,1,817,3.5483
165031576,81304,10,6.8140,3,817,5.4223
227426011,81304,9,5.4689,2,817,4.1432
115730771,1,0,0.0000,,0,0.0000
399174429,2,1,1.0000,,0,0.0000
234297245,1,0,0.0000,,0,0.0000
185007257,63,5,3.5161,,0,0.0000
14736361,1,0,0.0000,,0,0.0000
61767652,1,0,0.0000,,0,0.0000
271289783,81304,8,5.3580,2,817,4.1297
354676155,81304,7,4.4239,1,817,3.1554
222193337,1,0,0.0000,,0,0.0000
183365433,1,0,0.0000,,0,0.0000
254089758,1,0,0.0000,,0,0.0000
277782504,81304,8,4.9578,1,817,3.4957
232058655,81304,8,4.6549,1,817,3.4798
234884193,81304,8,5.4857,2,817,4.3305
298674657,81304,7,4.3911,1,817,3.0685
247353370,81304,7,4.0565,1,817,2.7405
527039853,81304,8,4.9457,2,817,3.8017
425225716,81304,7,4.0532,1,817,2.6316
383437746,1,0,0.0000,,0,0.0000
431970218,1,0,0.0000,,0,0.0000
278818408,81304,8,4.7974,1,817,3.4920
281516605,2,1,1.0000,,0,0.0000
323053767,81304,8,5.2228,1,817,3.8494
325966046,1,0,0.0000,,0,0.0000
374322737,1,0,0.0000,,0,0.0000
455314987,81304,9,5.5133,2,817,4.1285
371394543,81304,7,4.0971,1,817,2.7601
101689549,1,0,0.0000,,0,0.0000
148541884,1,0,0.0000,,0,0.0000
41674821,1,0,0.0000,,0,0.0000
